[{"model": "spec.spec", "pk": 1, "fields": {"name": "Renk", "slug": "renk", "type": "variable", "is_active": true, "is_deleted": false, "deleted_by": null, "created_by": 17, "created_at": "2022-11-17T08:16:09.810Z", "updated_at": "2022-11-29T08:56:54.925Z", "deleted_at": null}}, {"model": "spec.spec", "pk": 2, "fields": {"name": "Ürün Tipi", "slug": "urun-tupu", "type": "variable", "is_active": true, "is_deleted": false, "deleted_by": null, "created_by": 17, "created_at": "2022-11-17T11:38:43.056Z", "updated_at": "2022-11-29T08:57:02.028Z", "deleted_at": null}}, {"model": "spec.spec", "pk": 4, "fields": {"name": "Deneme Spec", "slug": "urun-tupu", "type": "variable", "is_active": false, "is_deleted": true, "deleted_by": 14, "created_by": null, "created_at": "2022-11-29T08:46:04.713Z", "updated_at": "2022-11-29T08:58:19.134Z", "deleted_at": "2022-11-29T08:58:19.133Z"}}, {"model": "spec.spec", "pk": 5, "fields": {"name": "Deneme Spec", "slug": "urun-tupu", "type": "variable", "is_active": false, "is_deleted": true, "deleted_by": 14, "created_by": 17, "created_at": "2022-11-29T08:51:07.281Z", "updated_at": "2022-11-29T08:58:26.504Z", "deleted_at": "2022-11-29T08:58:26.503Z"}}, {"model": "spec.spec", "pk": 6, "fields": {"name": "Deneme Spec Update", "slug": "deneme-spec-update", "type": "variable", "is_active": true, "is_deleted": false, "deleted_by": null, "created_by": 17, "created_at": "2022-11-29T08:52:03.664Z", "updated_at": "2022-11-29T09:01:43.430Z", "deleted_at": null}}, {"model": "spec.specvalue", "pk": 1, "fields": {"spec": 1, "image": 265, "value": "Beyaz", "is_active": true, "is_deleted": false, "deleted_by": null, "created_by": null, "created_at": "2022-11-17T08:16:30.927Z", "updated_at": "2022-11-21T11:54:32.833Z", "deleted_at": null}}, {"model": "spec.specvalue", "pk": 2, "fields": {"spec": 1, "image": null, "value": "Siyah", "is_active": true, "is_deleted": false, "deleted_by": null, "created_by": null, "created_at": "2022-11-17T08:18:07.168Z", "updated_at": "2022-11-17T08:18:07.168Z", "deleted_at": null}}, {"model": "spec.specvalue", "pk": 3, "fields": {"spec": 1, "image": null, "value": "Kırmızı", "is_active": true, "is_deleted": false, "deleted_by": null, "created_by": null, "created_at": "2022-11-17T08:18:17.246Z", "updated_at": "2022-11-17T08:18:17.246Z", "deleted_at": null}}, {"model": "spec.specvalue", "pk": 4, "fields": {"spec": 1, "image": null, "value": "Mavi", "is_active": true, "is_deleted": false, "deleted_by": null, "created_by": null, "created_at": "2022-11-17T08:18:28.264Z", "updated_at": "2022-11-17T08:18:28.264Z", "deleted_at": null}}, {"model": "spec.specvalue", "pk": 5, "fields": {"spec": 1, "image": null, "value": "Yeşil", "is_active": true, "is_deleted": false, "deleted_by": null, "created_by": null, "created_at": "2022-11-17T08:18:39.171Z", "updated_at": "2022-11-17T08:18:39.171Z", "deleted_at": null}}, {"model": "spec.specvalue", "pk": 6, "fields": {"spec": 1, "image": null, "value": "Sarı", "is_active": true, "is_deleted": false, "deleted_by": null, "created_by": null, "created_at": "2022-11-17T08:18:47.473Z", "updated_at": "2022-11-17T08:18:47.473Z", "deleted_at": null}}, {"model": "spec.specvalue", "pk": 7, "fields": {"spec": 1, "image": null, "value": "Mor", "is_active": true, "is_deleted": false, "deleted_by": null, "created_by": null, "created_at": "2022-11-17T08:18:56.075Z", "updated_at": "2022-11-17T08:18:56.075Z", "deleted_at": null}}, {"model": "spec.specvalue", "pk": 8, "fields": {"spec": 2, "image": null, "value": "Günlük", "is_active": true, "is_deleted": false, "deleted_by": null, "created_by": null, "created_at": "2022-11-17T11:38:43.060Z", "updated_at": "2022-11-17T11:38:43.060Z", "deleted_at": null}}, {"model": "spec.specvalue", "pk": 9, "fields": {"spec": 2, "image": null, "value": "Klasik", "is_active": true, "is_deleted": false, "deleted_by": null, "created_by": null, "created_at": "2022-11-17T11:38:43.062Z", "updated_at": "2022-11-17T11:38:43.062Z", "deleted_at": null}}, {"model": "spec.specvalue", "pk": 10, "fields": {"spec": 2, "image": null, "value": "Ofis", "is_active": true, "is_deleted": false, "deleted_by": null, "created_by": null, "created_at": "2022-11-17T11:38:43.063Z", "updated_at": "2022-11-17T11:38:43.063Z", "deleted_at": null}}, {"model": "spec.specvalue", "pk": 11, "fields": {"spec": 2, "image": null, "value": "Smart Casual", "is_active": true, "is_deleted": false, "deleted_by": null, "created_by": null, "created_at": "2022-11-17T11:38:43.063Z", "updated_at": "2022-11-17T11:38:43.063Z", "deleted_at": null}}, {"model": "spec.specvalue", "pk": 12, "fields": {"spec": 2, "image": null, "value": "Spor", "is_active": true, "is_deleted": false, "deleted_by": null, "created_by": null, "created_at": "2022-11-17T11:38:43.064Z", "updated_at": "2022-11-17T11:38:43.064Z", "deleted_at": null}}, {"model": "spec.specvalue", "pk": 17, "fields": {"spec": 1, "image": null, "value": "Eflatun", "is_active": true, "is_deleted": false, "deleted_by": null, "created_by": null, "created_at": "2022-11-21T11:55:34.158Z", "updated_at": "2022-11-21T11:55:34.158Z", "deleted_at": null}}, {"model": "spec.specvalue", "pk": 18, "fields": {"spec": 6, "image": null, "value": "Deneme Value 1", "is_active": true, "is_deleted": false, "deleted_by": null, "created_by": null, "created_at": "2022-11-29T08:52:08.507Z", "updated_at": "2022-11-29T08:52:08.507Z", "deleted_at": null}}, {"model": "spec.specvalue", "pk": 19, "fields": {"spec": 6, "image": null, "value": "Deneme Value 2", "is_active": true, "is_deleted": false, "deleted_by": null, "created_by": null, "created_at": "2022-11-29T08:52:10.074Z", "updated_at": "2022-11-29T08:52:10.074Z", "deleted_at": null}}, {"model": "spec.specvalue", "pk": 20, "fields": {"spec": 6, "image": null, "value": "Deneme Value 3", "is_active": true, "is_deleted": false, "deleted_by": null, "created_by": null, "created_at": "2022-11-29T08:52:10.080Z", "updated_at": "2022-11-29T08:52:10.080Z", "deleted_at": null}}, {"model": "spec.specvalue", "pk": 21, "fields": {"spec": 6, "image": null, "value": "Deneme Value 4", "is_active": true, "is_deleted": false, "deleted_by": null, "created_by": null, "created_at": "2022-11-29T08:52:10.081Z", "updated_at": "2022-11-29T08:52:10.081Z", "deleted_at": null}}, {"model": "spec.specvalue", "pk": 22, "fields": {"spec": 6, "image": null, "value": "Spor", "is_active": true, "is_deleted": false, "deleted_by": null, "created_by": null, "created_at": "2022-11-29T08:52:10.083Z", "updated_at": "2022-11-29T08:52:10.083Z", "deleted_at": null}}, {"model": "spec.categoryspec", "pk": 6, "fields": {"category": 2, "spec": 1, "is_active": true, "is_deleted": false, "deleted_by": null, "created_by": 17, "created_at": "2022-11-23T13:23:26.811Z", "updated_at": "2022-11-23T13:23:26.811Z", "deleted_at": null}}, {"model": "spec.categoryspec", "pk": 7, "fields": {"category": 2, "spec": 2, "is_active": true, "is_deleted": false, "deleted_by": null, "created_by": 17, "created_at": "2022-11-23T13:23:26.818Z", "updated_at": "2022-11-23T13:23:26.818Z", "deleted_at": null}}, {"model": "spec.categoryspec", "pk": 8, "fields": {"category": 2, "spec": 1, "is_active": true, "is_deleted": false, "deleted_by": null, "created_by": 17, "created_at": "2022-11-23T13:24:32.947Z", "updated_at": "2022-11-23T13:24:32.947Z", "deleted_at": null}}, {"model": "spec.categoryspec", "pk": 9, "fields": {"category": 2, "spec": 2, "is_active": true, "is_deleted": false, "deleted_by": null, "created_by": 17, "created_at": "2022-11-23T13:24:36.620Z", "updated_at": "2022-11-23T13:24:36.620Z", "deleted_at": null}}, {"model": "spec.categoryspec", "pk": 10, "fields": {"category": 2, "spec": 1, "is_active": true, "is_deleted": false, "deleted_by": null, "created_by": 17, "created_at": "2022-11-23T13:25:11.571Z", "updated_at": "2022-11-23T13:25:11.571Z", "deleted_at": null}}, {"model": "spec.categoryspec", "pk": 11, "fields": {"category": 2, "spec": 2, "is_active": true, "is_deleted": false, "deleted_by": null, "created_by": 17, "created_at": "2022-11-23T13:25:11.574Z", "updated_at": "2022-11-23T13:25:11.574Z", "deleted_at": null}}, {"model": "spec.categoryspec", "pk": 12, "fields": {"category": 2, "spec": 1, "is_active": true, "is_deleted": false, "deleted_by": null, "created_by": 14, "created_at": "2022-11-23T13:28:35.600Z", "updated_at": "2022-11-23T13:28:35.600Z", "deleted_at": null}}, {"model": "spec.categoryspec", "pk": 13, "fields": {"category": 2, "spec": 2, "is_active": true, "is_deleted": false, "deleted_by": null, "created_by": 14, "created_at": "2022-11-23T13:28:35.605Z", "updated_at": "2022-11-23T13:28:35.605Z", "deleted_at": null}}, {"model": "spec.categoryspec", "pk": 14, "fields": {"category": 2, "spec": 1, "is_active": true, "is_deleted": false, "deleted_by": null, "created_by": 14, "created_at": "2022-11-23T13:29:54.801Z", "updated_at": "2022-11-23T13:29:54.801Z", "deleted_at": null}}, {"model": "spec.categoryspec", "pk": 15, "fields": {"category": 2, "spec": 2, "is_active": true, "is_deleted": false, "deleted_by": null, "created_by": 14, "created_at": "2022-11-23T13:29:58.154Z", "updated_at": "2022-11-23T13:29:58.154Z", "deleted_at": null}}, {"model": "spec.categoryspec", "pk": 16, "fields": {"category": 2, "spec": 1, "is_active": true, "is_deleted": false, "deleted_by": null, "created_by": 14, "created_at": "2022-11-23T13:31:55.567Z", "updated_at": "2022-11-23T13:31:55.567Z", "deleted_at": null}}, {"model": "spec.categoryspec", "pk": 17, "fields": {"category": 2, "spec": 2, "is_active": true, "is_deleted": false, "deleted_by": null, "created_by": 14, "created_at": "2022-11-23T13:31:55.574Z", "updated_at": "2022-11-23T13:31:55.574Z", "deleted_at": null}}, {"model": "spec.categoryspec", "pk": 18, "fields": {"category": 2, "spec": 1, "is_active": true, "is_deleted": false, "deleted_by": null, "created_by": 14, "created_at": "2022-11-23T13:33:46.618Z", "updated_at": "2022-11-23T13:33:46.618Z", "deleted_at": null}}, {"model": "spec.categoryspec", "pk": 19, "fields": {"category": 2, "spec": 2, "is_active": true, "is_deleted": false, "deleted_by": null, "created_by": 14, "created_at": "2022-11-23T13:33:46.626Z", "updated_at": "2022-11-23T13:33:46.626Z", "deleted_at": null}}, {"model": "spec.categoryspec", "pk": 20, "fields": {"category": 2, "spec": 1, "is_active": true, "is_deleted": false, "deleted_by": null, "created_by": 17, "created_at": "2022-11-23T13:43:38.552Z", "updated_at": "2022-11-23T13:43:38.552Z", "deleted_at": null}}, {"model": "spec.categoryspec", "pk": 21, "fields": {"category": 2, "spec": 2, "is_active": true, "is_deleted": false, "deleted_by": null, "created_by": 17, "created_at": "2022-11-23T13:43:38.555Z", "updated_at": "2022-11-23T13:43:38.555Z", "deleted_at": null}}, {"model": "spec.categoryspec", "pk": 22, "fields": {"category": 2, "spec": 1, "is_active": true, "is_deleted": false, "deleted_by": null, "created_by": 14, "created_at": "2022-11-24T07:04:11.419Z", "updated_at": "2022-11-24T07:04:11.419Z", "deleted_at": null}}, {"model": "spec.categoryspec", "pk": 23, "fields": {"category": 2, "spec": 2, "is_active": true, "is_deleted": false, "deleted_by": null, "created_by": 14, "created_at": "2022-11-24T07:04:11.431Z", "updated_at": "2022-11-24T07:04:11.431Z", "deleted_at": null}}, {"model": "spec.categoryspec", "pk": 24, "fields": {"category": 2, "spec": 1, "is_active": true, "is_deleted": false, "deleted_by": null, "created_by": 14, "created_at": "2022-11-24T07:05:00.847Z", "updated_at": "2022-11-24T07:05:00.847Z", "deleted_at": null}}, {"model": "spec.categoryspec", "pk": 25, "fields": {"category": 2, "spec": 2, "is_active": true, "is_deleted": false, "deleted_by": null, "created_by": 14, "created_at": "2022-11-24T07:05:00.896Z", "updated_at": "2022-11-24T07:05:00.897Z", "deleted_at": null}}, {"model": "spec.categoryspec", "pk": 26, "fields": {"category": 2, "spec": 1, "is_active": true, "is_deleted": false, "deleted_by": null, "created_by": 14, "created_at": "2022-11-24T07:05:45.947Z", "updated_at": "2022-11-24T07:05:45.947Z", "deleted_at": null}}, {"model": "spec.categoryspec", "pk": 27, "fields": {"category": 2, "spec": 2, "is_active": true, "is_deleted": false, "deleted_by": null, "created_by": 14, "created_at": "2022-11-24T07:05:45.983Z", "updated_at": "2022-11-24T07:05:45.983Z", "deleted_at": null}}, {"model": "spec.categoryspec", "pk": 28, "fields": {"category": 2, "spec": 1, "is_active": true, "is_deleted": false, "deleted_by": null, "created_by": 14, "created_at": "2022-11-24T07:08:29.446Z", "updated_at": "2022-11-24T07:08:29.446Z", "deleted_at": null}}, {"model": "spec.categoryspec", "pk": 29, "fields": {"category": 2, "spec": 2, "is_active": true, "is_deleted": false, "deleted_by": null, "created_by": 14, "created_at": "2022-11-24T07:08:29.453Z", "updated_at": "2022-11-24T07:08:29.453Z", "deleted_at": null}}, {"model": "spec.categoryspec", "pk": 30, "fields": {"category": 2, "spec": 1, "is_active": true, "is_deleted": false, "deleted_by": null, "created_by": 14, "created_at": "2022-11-24T07:08:51.641Z", "updated_at": "2022-11-24T07:08:51.641Z", "deleted_at": null}}, {"model": "spec.categoryspec", "pk": 31, "fields": {"category": 2, "spec": 2, "is_active": true, "is_deleted": false, "deleted_by": null, "created_by": 14, "created_at": "2022-11-24T07:08:51.647Z", "updated_at": "2022-11-24T07:08:51.647Z", "deleted_at": null}}]